{"RuleTriggered": 0, "Violations": 0, "Details": {"Network": {"algo-1": {"max": 3830.03, "p99": 114.69, "p95": 0, "p50": 0, "min": 0}}, "GPU": {"algo-1": {"max": 89.0, "p99": 88.0, "p95": 70.9, "p50": 0, "min": 0}}, "CPU": {"algo-1": {"max": 100.0, "p99": 92.48, "p95": 86.08, "p50": 40.05, "min": 0.5}}, "CPU memory": {"algo-1": {"max": 28.82, "p99": 26.34, "p95": 24.42, "p50": 23.99, "min": 8.72}}, "GPU memory": {"algo-1": {"max": 84.0, "p99": 82.78, "p95": 67.9, "p50": 0, "min": 0}}, "I/O": {"algo-1": {"max": 82.92, "p99": 59.86, "p95": 42.68, "p50": 0.5, "min": 0}}}, "Datapoints": 822, "RuleParameters": ""}